actual,proposed
0.0,0.0
0.0,0.0
0.0,0.0
0.0,0.0
0.0,0.0
0.0,0.0
0.0,0.0
0.0,0.0
0.0,0.0
0.0,0.0
0.0,0.0
0.0,0.0
0.0,0.0
0.0,0.0
0.0,0.0
0.0,0.0
0.0,0.0
0.0,0.0
0.0,0.0
0.0,0.0
0.0,0.0
0.0,0.0
0.0,0.0
0.0,0.0
0.0,0.0
0.0,0.0
0.0,0.0
0.0,0.0
0.0,0.0
0.0,0.0
0.0,0.0
0.0,0.0
0.0,0.0
0.0,0.0
0.0,0.5
0.0,0.5
0.0,0.5
0.0,0.5
0.0,0.5
0.0,0.5
188.84799194335938,0.6207935214042664
205.9004364013672,0.8152155876159668
219.5424041748047,1.0253747701644897
236.59483337402344,1.2362021207809448
250.2367401123047,1.469904899597168
263.87872314453125,1.7067759037017822
277.5206298828125,1.950183629989624
291.16259765625,2.202451705932617
301.39404296875,2.465191125869751
304.80450439453125,2.71604061126709
304.80450439453125,2.9133496284484863
301.39404296875,3.0501389503479004
301.39404296875,3.1215600967407227
301.39404296875,3.171215057373047
301.39404296875,3.205789804458618
301.39404296875,3.2299246788024902
297.9835205078125,3.2468338012695312
297.9835205078125,3.2355120182037354
294.57305908203125,3.227879524230957
287.7520751953125,3.1998298168182373
284.34161376953125,3.135497570037842
274.11016845703125,3.0690083503723145
263.87872314453125,2.9583117961883545
0.0,2.819439172744751
0.0,0.0
0.0,0.0
0.0,0.0
0.0,0.0
0.0,0.0
0.0,0.0
0.0,0.0
0.0,0.0
0.0,0.0
0.0,0.0
0.0,0.0
0.0,0.0
0.0,0.0
0.0,0.0
0.0,0.0
0.0,0.0
0.0,0.0
0.0,0.0
0.0,0.0
0.0,0.0
0.0,0.0
0.0,0.0
0.0,0.0
0.0,0.0
0.0,0.0
0.0,0.0
0.0,0.0
0.0,0.0
0.0,0.0
0.0,0.0
0.0,0.0
0.0,0.0
0.0,0.0
0.0,0.0
0.0,0.0
0.0,0.0
0.0,0.0
0.0,0.5
0.0,0.5
0.0,0.5
0.0,0.5
0.0,0.5
193.2340545654297,0.581730306148529
237.5703582763672,0.8063253164291382
268.26470947265625,1.1766167879104614
295.54864501953125,1.6083661317825317
322.83245849609375,2.0815865993499756
346.70587158203125,2.600827217102051
370.5793151855469,3.1421897411346436
394.4527282714844,3.7121376991271973
404.6841735839844,4.315138816833496
408.0946960449219,4.826128959655762
418.3261413574219,5.211840629577637
435.3785095214844,5.57576322555542
438.7890319824219,5.994359016418457
442.1995544433594,6.3185648918151855
452.4309997558594,6.577766418457031
459.2519226074219,6.862296104431152
469.4833679199219,7.130809783935547
472.8938903808594,7.425866603851318
469.4833679199219,7.667353630065918
466.0728454589844,7.798216342926025
0.0,7.852787971496582
0.0,5.4853339195251465
0.0,3.8281331062316895
0.0,2.6732168197631836
0.0,1.8671073913574219
0.0,1.3035556077957153
0.0,0.9090045690536499
0.0,0.632530689239502
0.0,0.5
0.0,0.0
0.0,0.0
0.0,0.0
0.0,0.0
0.0,0.0
0.0,0.0
0.0,0.0
0.0,0.0
0.0,0.0
0.0,0.0
0.0,0.0
0.0,0.0
0.0,0.0
0.0,0.0
0.0,0.0
0.0,0.0
0.0,0.0
0.0,0.0
0.0,0.0
0.0,0.0
0.0,0.0
0.0,0.0
0.0,0.0
0.0,0.0
0.0,0.0
0.0,0.0
0.0,0.0
0.0,0.0
0.0,0.0
0.0,0.0
0.0,0.0
0.0,0.0
0.0,0.0
0.0,0.0
0.0,0.0
0.0,0.0
0.0,0.0
0.0,0.0
0.0,0.0
0.0,0.0
0.0,0.0
0.0,0.0
0.0,0.0
0.0,0.0
0.0,0.0
0.0,0.0
0.0,0.0
0.0,0.0
0.0,0.0
0.0,0.0
0.0,0.0
0.0,0.0
0.0,0.0
0.0,0.0
0.0,0.0
0.0,0.0
0.0,0.0
0.0,0.0
0.0,0.0
0.0,0.0
0.0,0.0
0.0,0.0
0.0,0.0
0.0,0.0
0.0,0.0
0.0,0.5
0.0,0.5
0.0,0.5
0.0,0.5
0.0,0.5
0.0,0.5080205798149109
206.4216766357422,0.7092272043228149
230.29510498046875,0.9524559378623962
254.16851806640625,1.2380141019821167
271.22088623046875,1.5661182403564453
291.68377685546875,1.894550085067749
308.73626708984375,2.252396583557129
0.0,2.6163175106048584
0.0,0.0
0.0,0.0
0.0,0.0
0.0,0.0
0.0,0.0
0.0,0.0
0.0,0.0
0.0,0.0
0.0,0.0
0.0,0.0
0.0,0.0
0.0,0.0
0.0,0.0
0.0,0.0
0.0,0.0
0.0,0.0
0.0,0.0
0.0,0.0
0.0,0.0
0.0,0.0
0.0,0.0
0.0,0.0
0.0,0.0
0.0,0.0
0.0,0.0
0.0,0.0
0.0,0.0
0.0,0.0
0.0,0.0
0.0,0.0
0.0,0.0
0.0,0.0
0.0,0.0
0.0,0.0
0.0,0.0
0.0,0.0
0.0,0.0
0.0,0.0
0.0,0.0
0.0,0.0
0.0,0.0
0.0,0.0
0.0,0.0
0.0,0.0
0.0,0.0
0.0,0.0
0.0,0.0
0.0,0.0
0.0,0.0
0.0,0.0
0.0,0.0
0.0,0.0
0.0,0.0
0.0,0.0
0.0,0.0
0.0,0.0
0.0,0.0
0.0,0.0
0.0,0.0
0.0,0.0
0.0,0.0
0.0,0.0
0.0,0.0
0.0,0.0
0.0,0.0
0.0,0.0
0.0,0.0
0.0,0.0
0.0,0.0
0.0,0.0
0.0,0.0
0.0,0.0
0.0,0.0
0.0,0.0
0.0,0.0
0.0,0.0
0.0,0.0
0.0,0.0
0.0,0.0
0.0,0.0
0.0,0.0
0.0,0.0
0.0,0.0
0.0,0.0
0.0,0.0
0.0,0.0
0.0,0.0
0.0,0.5
0.0,0.5
0.0,0.5
0.0,0.5
0.0,0.5
0.0,0.5
0.0,0.5
0.0,0.5
0.0,0.5
0.0,0.5
0.0,0.5
0.0,0.5
0.0,0.5
0.0,0.5
0.0,0.5
0.0,0.5
0.0,0.5
0.0,0.5
0.0,0.5
0.0,0.5
0.0,0.5
0.0,0.5
0.0,0.5
0.0,0.5
0.0,0.5
0.0,0.5
0.0,0.5
0.0,0.5
0.0,0.5
0.0,0.5
0.0,0.5
0.0,0.5
0.0,0.5
0.0,0.5
0.0,0.5
0.0,0.5
0.0,0.5002145767211914
0.0,0.5266373157501221
0.0,0.5652741193771362
0.0,0.613444983959198
0.0,0.6579312086105347
0.0,0.7001447081565857
0.0,0.7069393992424011
0.0,0.7117013931274414
0.0,0.7261505722999573
0.0,0.7250911593437195
0.0,0.7244101166725159
0.0,0.7239855527877808
0.0,0.7128986120223999
0.0,0.7052732110023499
0.0,0.7108813524246216
0.0,0.7148053646087646
0.0,0.7175689935684204
0.0,0.7195292711257935
0.0,0.7434359192848206
0.0,0.7375224232673645
0.0,0.7120594382286072
0.0,0.7050638198852539
0.0,0.7002601623535156
0.0,0.6969794631004333
0.0,0.6947530508041382
0.0,0.682672917842865
0.0,0.6640418171882629
0.0,0.6411420106887817
0.0,0.6253319978713989
0.0,0.604645311832428
0.0,0.590365469455719
0.0,0.5710041522979736
0.0,0.5483964085578918
0.0,0.5327823758125305
0.0,0.5220056772232056
0.0,0.5238239169120789
0.0,0.5251128077507019
0.0,0.5260398387908936
0.0,0.5174676775932312
0.0,0.5208204984664917
0.0,0.5231718420982361
0.0,0.524834394454956
0.0,0.5260202884674072
0.0,0.5268759727478027
0.0,0.5275033116340637
0.0,0.5187169313430786
0.0,0.512671709060669
0.0,0.5085193514823914
0.0,0.5
0.0,0.5
0.0,0.5
0.0,0.5
0.0,0.5
0.0,0.5
0.0,0.5
0.0,0.5
0.0,0.5
0.0,0.5
0.0,0.5
0.0,0.5
0.0,0.5
0.0,0.5
0.0,0.5
0.0,0.5
0.0,0.5
0.0,0.5
0.0,0.5
0.0,0.5
0.0,0.5
0.0,0.5
0.0,0.5
0.0,0.5
0.0,0.5
0.0,0.5
0.0,0.5
0.0,0.5
0.0,0.5
0.0,0.5
0.0,0.5
0.0,0.5
0.0,0.5
0.0,0.5
0.0,0.5
0.0,0.5
0.0,0.5
0.0,0.5
0.0,0.5
0.0,0.5
0.0,0.5
0.0,0.5
0.0,0.5
0.0,0.5
0.0,0.5
0.0,0.5
0.0,0.5
0.0,0.5
0.0,0.5
0.0,0.5
0.0,0.5
0.0,0.5
0.0,0.5
0.0,0.5
0.0,0.5
0.0,0.5
0.0,0.5
0.0,0.5
0.0,0.5
0.0,0.5
0.0,0.5
0.0,0.5
0.0,0.5
0.0,0.5
0.0,0.5
0.0,0.5
0.0,0.5
0.0,0.5
0.0,0.5
0.0,0.0
0.0,0.0
0.0,0.0
0.0,0.0
0.0,0.0
0.0,0.0
0.0,0.0
0.0,0.0
0.0,0.0
0.0,0.0
0.0,0.0
0.0,0.0
0.0,0.0
0.0,0.0
0.0,0.0
0.0,0.0
0.0,0.0
0.0,0.0
0.0,0.0
0.0,0.0
0.0,0.0
0.0,0.0
0.0,0.0
0.0,0.0
0.0,0.0
0.0,0.0
0.0,0.0
0.0,0.0
0.0,0.0
0.0,0.5
0.0,0.5
0.0,0.5
0.0,0.5
0.0,0.5
0.0,0.5
0.0,0.5
0.0,0.5
0.0,0.5
0.0,0.5
0.0,0.5
0.0,0.5
0.0,0.5
0.0,0.5
0.0,0.5
0.0,0.5
0.0,0.5
0.0,0.5
0.0,0.5
0.0,0.5
0.0,0.5484347343444824
0.0,0.6054272055625916
0.0,0.6561050415039062
0.0,0.6912333965301514
0.0,0.7270597815513611
0.0,0.7519084215164185
0.0,0.7691627144813538
0.0,0.7696987390518188
0.0,0.7701245546340942
0.0,0.7592751383781433
0.0,0.7518166899681091
0.0,0.7466999292373657
0.0,0.7432045936584473
0.0,0.7520297169685364
0.0,0.7581831216812134
0.0,0.7739620804786682
0.0,0.7849318981170654
0.0,0.7811057567596436
0.0,0.789984941482544
0.0,0.807921826839447
0.0,0.8203875422477722
0.0,0.8533734083175659
0.0,0.8762561678886414
0.0,0.9047130942344666
0.0,0.9244688153266907
0.0,0.9256479144096375
0.0,0.9142372608184814
0.0,0.8943764567375183
0.0,0.8927112221717834
0.0,0.8916081786155701
0.0,0.8909006714820862
0.0,0.9153313040733337
0.0,0.9451315402984619
0.0,0.9404116868972778
0.0,0.9128822088241577
0.0,0.8938884735107422
0.0,0.8690285086631775
0.0,0.8403790593147278
0.0,0.8093722462654114
0.0,0.7921794056892395
0.0,0.7761464715003967
0.0,0.743445634841919
0.0,0.7208595871925354
0.0,0.6948412656784058
0.0,0.6568310260772705
0.0,0.6025186777114868
0.0,0.55615234375
0.0,0.5240866541862488
0.0,0.5
0.0,0.5
0.0,0.5
0.0,0.5
0.0,0.5
0.0,0.5
0.0,0.5
0.0,0.5
0.0,0.5
0.0,0.5
0.0,0.5
0.0,0.5
0.0,0.5
0.0,0.5
0.0,0.5
0.0,0.5
0.0,0.5
0.0,0.5
0.0,0.5
0.0,0.0
0.0,0.0
0.0,0.0
0.0,0.0
0.0,0.0
0.0,0.0
0.0,0.0
0.0,0.0
0.0,0.0
0.0,0.0
0.0,0.0
0.0,0.0
0.0,0.0
0.0,0.0
0.0,0.0
0.0,0.0
0.0,0.0
0.0,0.0
0.0,0.0
0.0,0.0
0.0,0.0
0.0,0.0
0.0,0.0
0.0,0.0
0.0,0.0
0.0,0.0
0.0,0.0
0.0,0.0
0.0,0.0
0.0,0.0
0.0,0.0
0.0,0.5
0.0,0.5
0.0,0.5
0.0,0.5
0.0,0.5
0.0,0.5
0.0,0.5
0.0,0.5
0.0,0.5
0.0,0.5154032111167908
0.0,0.5964530110359192
0.0,0.6759063601493835
0.0,0.7553393244743347
0.0,0.810377836227417
0.0,0.8485400080680847
0.0,0.8750184774398804
0.0,0.8810763359069824
0.0,0.8614751696586609
0.0,0.8364431262016296
0.0,0.8079110383987427
0.0,0.7772223949432373
0.0,0.7453077435493469
0.0,0.7026286721229553
0.0,0.6632174849510193
0.0,0.6359742879867554
0.0,0.627065122127533
0.0,0.6013695001602173
0.0,0.5651403665542603
0.0,0.5492064952850342
0.0,0.5572320222854614
0.0,0.5628151893615723
0.0,0.5570665001869202
0.0,0.5437440872192383
0.0,0.5345584154129028
0.0,0.537615954875946
0.0,0.5494174361228943
0.0,0.5675448179244995
0.0,0.6007896065711975
0.0,0.623837411403656
0.0,0.6398363709449768
0.0,0.6509552001953125
0.0,0.669434130191803
0.0,0.6822666525840759
0.0,0.7022064328193665
0.0,0.7050405144691467
0.0,0.6963103413581848
0.0,0.6903142929077148
0.0,0.6862059831619263
0.0,0.6834044456481934
0.0,0.6608213782310486
0.0,0.6256260871887207
0.0,0.582772433757782
0.0,0.5531445145606995
0.0,0.5068817734718323
0.0,0.5
0.0,0.5
0.0,0.5
0.0,0.5
0.0,0.5
0.0,0.5
0.0,0.5
0.0,0.5
0.0,0.5
0.0,0.5
0.0,0.5
0.0,0.5
0.0,0.5
0.0,0.5
0.0,0.5
0.0,0.5
0.0,0.5
0.0,0.5
0.0,0.0
0.0,0.0
0.0,0.0
0.0,0.0
0.0,0.0
0.0,0.0
0.0,0.0
0.0,0.0
0.0,0.0
0.0,0.0
0.0,0.0
0.0,0.0
0.0,0.0
0.0,0.0
0.0,0.0
0.0,0.0
0.0,0.0
0.0,0.0
0.0,0.0
0.0,0.0
0.0,0.0
0.0,0.0
0.0,0.0
0.0,0.0
0.0,0.0
0.0,0.0
0.0,0.0
0.0,0.0
0.0,0.0
0.0,0.0
0.0,0.0
0.0,0.0
0.0,0.5
0.0,0.5
0.0,0.5
0.0,0.5
0.0,0.5
0.0,0.5
0.0,0.5
0.0,0.5
0.0,0.5
0.0,0.5
0.0,0.5
0.0,0.5
0.0,0.5
0.0,0.5
0.0,0.5357972979545593
0.0,0.5904962420463562
0.0,0.6507258415222168
0.0,0.7040302753448486
0.0,0.7409789562225342
0.0,0.7784512042999268
0.0,0.8165532350540161
0.0,0.8308687806129456
0.0,0.8408393263816833
0.0,0.8599109649658203
0.0,0.8855506777763367
0.0,0.8909666538238525
0.0,0.8826595544815063
0.0,0.8769682049751282
0.0,0.8852030038833618
0.0,0.8788318634033203
0.0,0.8680558204650879
0.0,0.8671336770057678
0.0,0.866543173789978
0.0,0.8661881685256958
0.0,0.8541366457939148
0.0,0.8577113747596741
0.0,0.8483721613883972
0.0,0.8538269996643066
0.0,0.8457870483398438
0.0,0.8173564076423645
0.0,0.7977316975593567
0.0,0.7518265247344971
0.0,0.7098512649536133
0.0,0.6708529591560364
0.0,0.6247386336326599
0.0,0.612014889717102
0.0,0.5935178399085999
0.0,0.5807516574859619
0.0,0.5444158315658569
0.0,0.5373900532722473
0.0,0.541999340057373
0.0,0.5265905261039734
0.0,0.5070510506629944
0.0,0.5
0.0,0.5
0.0,0.5
0.0,0.5
0.0,0.5
0.0,0.5
0.0,0.5
0.0,0.5
0.0,0.5
0.0,0.5
0.0,0.5
0.0,0.5
0.0,0.5
0.0,0.5
0.0,0.5
0.0,0.5
0.0,0.5
0.0,0.5
0.0,0.5
0.0,0.5
0.0,0.5
0.0,0.5
0.0,0.5
0.0,0.5
0.0,0.5
0.0,0.5
0.0,0.5
0.0,0.0
0.0,0.0
0.0,0.0
0.0,0.0
0.0,0.0
0.0,0.0
0.0,0.0
0.0,0.0
0.0,0.0
0.0,0.0
0.0,0.0
0.0,0.0
0.0,0.0
0.0,0.0
0.0,0.0
0.0,0.0
0.0,0.0
0.0,0.0
0.0,0.0
0.0,0.0
0.0,0.0
0.0,0.0
0.0,0.0
0.0,0.0
0.0,0.0
0.0,0.0
0.0,0.0
0.0,0.0
0.0,0.0
0.0,0.0
0.0,0.0
0.0,0.0
0.0,0.0
0.0,0.0
0.0,0.0
0.0,0.5
0.0,0.5
0.0,0.5
0.0,0.5
0.0,0.5
0.0,0.5
0.0,0.5
0.0,0.5
0.0,0.5
0.0,0.5
0.0,0.5
0.0,0.5
0.0,0.5
0.0,0.5
0.0,0.5
0.0,0.5
0.0,0.5
0.0,0.5
0.0,0.5
0.0,0.5
0.0,0.5
0.0,0.5
0.0,0.5
0.0,0.5
0.0,0.5
0.0,0.5
0.0,0.5
0.0,0.5
0.0,0.5
0.0,0.5
0.0,0.5
0.0,0.5
0.0,0.5
0.0,0.5
0.0,0.5
0.0,0.5
0.0,0.5
0.0,0.5
0.0,0.5
0.0,0.5
0.0,0.5
0.0,0.5
0.0,0.5
0.0,0.5
0.0,0.5
0.0,0.5
0.0,0.5
0.0,0.5
0.0,0.5
0.0,0.5
0.0,0.5
0.0,0.5
0.0,0.5
0.0,0.5
0.0,0.5
0.0,0.5
0.0,0.5
0.0,0.5
0.0,0.5
0.0,0.5
0.0,0.5
0.0,0.0
0.0,0.0
0.0,0.0
0.0,0.0
0.0,0.0
0.0,0.0
0.0,0.0
0.0,0.0
0.0,0.0
0.0,0.0
0.0,0.0
0.0,0.0
0.0,0.0
0.0,0.0
0.0,0.0
0.0,0.0
0.0,0.0
0.0,0.0
0.0,0.0
0.0,0.0
0.0,0.0
0.0,0.0
0.0,0.0
0.0,0.0
0.0,0.0
0.0,0.0
0.0,0.0
0.0,0.0
0.0,0.0
0.0,0.0
0.0,0.0
0.0,0.0
0.0,0.0
0.0,0.0
0.0,0.0
0.0,0.0
0.0,0.0
0.0,0.0
0.0,0.0
0.0,0.0
0.0,0.0
0.0,0.0
0.0,0.0
0.0,0.0
0.0,0.5
0.0,0.5
0.0,0.5
0.0,0.5
0.0,0.5
0.0,0.5
0.0,0.5
0.0,0.5
0.0,0.5
0.0,0.5
0.0,0.5
0.0,0.5
0.0,0.5
0.0,0.5
0.0,0.5
0.0,0.5
0.0,0.5
0.0,0.5
0.0,0.5
0.0,0.5394452214241028
0.0,0.5748513340950012
0.0,0.6099701523780823
0.0,0.6451564431190491
0.0,0.6806632280349731
0.0,0.7166646718978882
0.0,0.7532815933227539
0.0,0.7905969619750977
0.0,0.8286691904067993
0.0,0.8428853750228882
0.0,0.8527869582176208
0.0,0.8718898892402649
0.0,0.9103638529777527
0.0,0.9633290767669678
184.16587829589844,1.0000503063201904
0.0,1.0669901371002197
0.0,1.0992988348007202
0.0,1.1079249382019043
0.0,1.127793550491333
0.0,1.1416131258010864
0.0,1.151252031326294
0.0,1.157996654510498
0.0,1.162737250328064
0.0,1.1660906076431274
0.0,1.141095519065857
0.0,1.097557783126831
0.0,1.0547380447387695
0.0,1.0251580476760864
0.0,1.0047383308410645
0.0,0.9906603097915649
0.0,0.980972170829773
0.0,0.9743236899375916
0.0,0.9572890996932983
0.0,0.9333354234695435
0.0,0.9290354251861572
0.0,0.9261086583137512
0.0,0.9241385459899902
0.0,0.9744354486465454
0.0,1.0092962980270386
0.0,1.0334970951080322
184.16580200195312,1.0370086431503296
187.57603454589844,1.0943713188171387
0.0,1.14851975440979
0.0,1.1575640439987183
0.0,1.1500561237335205
0.0,1.131347894668579
0.0,1.1320559978485107
0.0,1.1464664936065674
0.0,1.1565076112747192
0.0,1.1496700048446655
0.0,1.1314191818237305
0.0,1.1324504613876343
0.0,1.1196311712265015
0.0,1.0975024700164795
0.0,1.0822523832321167
0.0,1.0717586278915405
0.0,1.0387060642242432
0.0,1.0033713579177856
0.0,0.9667166471481323
0.0,0.9294140934944153
0.0,0.9036466479301453
0.0,0.8626918196678162
0.0,0.8123064637184143
0.0,0.7668352723121643
0.0,0.7250275015830994
0.0,0.7065017819404602
0.0,0.6732307076454163
0.0,0.6404064297676086
0.0,0.6081527471542358
0.0,0.5765619277954102
0.0,0.5547268986701965
0.0,0.5306096076965332
0.0,0.5139467716217041
0.0,0.5024404525756836
0.0,0.5035384893417358
0.0,0.5043253302574158
0.0,0.5
0.0,0.5
0.0,0.5106371641159058
0.0,0.5186677575111389
0.0,0.5242601633071899
0.0,0.5188552141189575
0.0,0.5061072707176208
0.0,0.5
0.0,0.5
0.0,0.5
0.0,0.5
0.0,0.5
0.0,0.5
0.0,0.5
0.0,0.5
0.0,0.5
0.0,0.5
0.0,0.5
0.0,0.5
0.0,0.5
0.0,0.5
0.0,0.5
0.0,0.5
0.0,0.5
0.0,0.5
0.0,0.5
0.0,0.5
0.0,0.5
0.0,0.5
0.0,0.5
0.0,0.5
0.0,0.5
0.0,0.5
0.0,0.5
0.0,0.5
0.0,0.5
0.0,0.5
0.0,0.5
0.0,0.5
0.0,0.5
0.0,0.5
0.0,0.5
0.0,0.5
0.0,0.5
0.0,0.5
0.0,0.5
0.0,0.5
0.0,0.5
0.0,0.5
0.0,0.5
0.0,0.5
0.0,0.5
0.0,0.5
0.0,0.5
0.0,0.5
0.0,0.5
0.0,0.5
0.0,0.5
0.0,0.5
0.0,0.5
0.0,0.5
0.0,0.5
0.0,0.5
0.0,0.5
0.0,0.5
0.0,0.5
0.0,0.5
0.0,0.5
0.0,0.5
0.0,0.5
0.0,0.5
0.0,0.5
0.0,0.5
0.0,0.5
0.0,0.5
0.0,0.5
0.0,0.5
0.0,0.5
0.0,0.5
0.0,0.5
0.0,0.5
0.0,0.5
0.0,0.5
0.0,0.5
0.0,0.5
0.0,0.5
0.0,0.5
0.0,0.5
0.0,0.5
0.0,0.5
0.0,0.5
0.0,0.5
0.0,0.5
0.0,0.5
0.0,0.5
0.0,0.5
0.0,0.5
0.0,0.5
0.0,0.5
0.0,0.5
0.0,0.5
0.0,0.5
0.0,0.5
0.0,0.5
0.0,0.5
0.0,0.5
0.0,0.5
0.0,0.5
0.0,0.5
0.0,0.5
0.0,0.5
0.0,0.5
0.0,0.5
0.0,0.5
0.0,0.5
0.0,0.5
0.0,0.5
0.0,0.5
0.0,0.5
0.0,0.5
0.0,0.5
0.0,0.5
0.0,0.5
0.0,0.5
0.0,0.5
0.0,0.5
0.0,0.5
0.0,0.5
0.0,0.5
0.0,0.5
0.0,0.5
0.0,0.5
0.0,0.5
0.0,0.5
0.0,0.5
0.0,0.5
0.0,0.5
0.0,0.5
0.0,0.5
0.0,0.5
0.0,0.5
0.0,0.5
0.0,0.5
0.0,0.5
0.0,0.5
0.0,0.5
0.0,0.5
0.0,0.5
0.0,0.5
0.0,0.5
0.0,0.5
0.0,0.5
0.0,0.5
0.0,0.5
0.0,0.5
0.0,0.5
0.0,0.5
0.0,0.5
0.0,0.5
0.0,0.5
0.0,0.5
0.0,0.5
0.0,0.5
0.0,0.5
0.0,0.5
0.0,0.5
0.0,0.5
0.0,0.5
0.0,0.5
0.0,0.5
0.0,0.5
0.0,0.5
0.0,0.5
0.0,0.5
0.0,0.5
0.0,0.5
0.0,0.5
0.0,0.5
0.0,0.5
0.0,0.5
0.0,0.5
0.0,0.5
0.0,0.5
0.0,0.5
0.0,0.5
0.0,0.5
0.0,0.5
0.0,0.5
0.0,0.5
0.0,0.0
0.0,0.0
0.0,0.0
0.0,0.0
0.0,0.0
0.0,0.0
0.0,0.0
0.0,0.0
0.0,0.0
0.0,0.0
0.0,0.0
0.0,0.0
0.0,0.0
0.0,0.0
0.0,0.0
0.0,0.0
0.0,0.0
0.0,0.0
0.0,0.0
0.0,0.0
0.0,0.0
0.0,0.0
0.0,0.0
0.0,0.0
0.0,0.0
0.0,0.0
0.0,0.0
0.0,0.0
0.0,0.0
0.0,0.5
0.0,0.5
0.0,0.0
0.0,0.0
0.0,0.0
0.0,0.0
0.0,0.0
0.0,0.0
0.0,0.5
0.0,0.5
0.0,0.5
0.0,0.5
0.0,0.5
0.0,0.5
0.0,0.5
0.0,0.5
0.0,0.5
0.0,0.5
0.0,0.5
0.0,0.5
0.0,0.5
0.0,0.5
0.0,0.5
0.0,0.5
0.0,0.5
0.0,0.5
0.0,0.5
0.0,0.5
0.0,0.5
0.0,0.5
0.0,0.5
0.0,0.5
0.0,0.5
0.0,0.5
0.0,0.5
0.0,0.5
0.0,0.5
0.0,0.5
0.0,0.5
0.0,0.5
0.0,0.5
0.0,0.5
0.0,0.5
0.0,0.5
0.0,0.5
0.0,0.5
0.0,0.5
0.0,0.5
0.0,0.5
0.0,0.5
0.0,0.5
0.0,0.5
0.0,0.5
0.0,0.5
0.0,0.5
0.0,0.5
0.0,0.5
0.0,0.5
0.0,0.5
0.0,0.5
0.0,0.5
0.0,0.5
0.0,0.5
0.0,0.5
0.0,0.5
0.0,0.5
0.0,0.5
0.0,0.5
0.0,0.5
0.0,0.5
0.0,0.5
0.0,0.5
0.0,0.5
0.0,0.5
0.0,0.5
0.0,0.5
0.0,0.5
0.0,0.5
0.0,0.5
0.0,0.5
0.0,0.5
0.0,0.5
0.0,0.5
0.0,0.5
0.0,0.5
0.0,0.5
0.0,0.5
0.0,0.5
0.0,0.5
0.0,0.5
0.0,0.5
0.0,0.5
0.0,0.5
0.0,0.5
0.0,0.5
0.0,0.5
0.0,0.5
0.0,0.5
0.0,0.5
0.0,0.0
0.0,0.0
0.0,0.0
0.0,0.0
0.0,0.0
0.0,0.0
0.0,0.0
0.0,0.0
0.0,0.0
0.0,0.0
0.0,0.0
0.0,0.0
0.0,0.0
0.0,0.0
0.0,0.0
0.0,0.0
0.0,0.0
0.0,0.0
0.0,0.0
0.0,0.0
0.0,0.0
0.0,0.0
0.0,0.0
0.0,0.0
0.0,0.0
0.0,0.0
0.0,0.0
0.0,0.0
0.0,0.0
0.0,0.0
0.0,0.0
0.0,0.0
0.0,0.0
0.0,0.0
0.0,0.0
0.0,0.0
0.0,0.0
0.0,0.0
0.0,0.0
0.0,0.0
0.0,0.0
0.0,0.0
0.0,0.0
0.0,0.0
0.0,0.0
0.0,0.0
0.0,0.0
0.0,0.0
0.0,0.0
0.0,0.0
0.0,0.0
0.0,0.0
0.0,0.0
0.0,0.0
0.0,0.0
0.0,0.0
0.0,0.0
0.0,0.0
0.0,0.0
0.0,0.0
0.0,0.0
0.0,0.0
0.0,0.0
0.0,0.0
0.0,0.0
0.0,0.5
0.0,0.0
0.0,0.0
0.0,0.5
0.0,0.5
0.0,0.5
0.0,0.5
0.0,0.5
0.0,0.5
0.0,0.5
0.0,0.5
0.0,0.5
0.0,0.5
0.0,0.0
0.0,0.5
0.0,0.0
0.0,0.0
0.0,0.0
0.0,0.0
0.0,0.0
0.0,0.0
0.0,0.0
0.0,0.0
0.0,0.0
0.0,0.0
0.0,0.0
0.0,0.0
0.0,0.0
0.0,0.0
0.0,0.0
0.0,0.0
0.0,0.0
0.0,0.0
0.0,0.0
0.0,0.0
0.0,0.0
0.0,0.0
0.0,0.0
0.0,0.0
0.0,0.0
0.0,0.0
0.0,0.0
0.0,0.0
0.0,0.0
0.0,0.0
0.0,0.0
0.0,0.0
0.0,0.0
0.0,0.0
0.0,0.0
0.0,0.0
0.0,0.0
0.0,0.0
0.0,0.0
0.0,0.0
0.0,0.0
0.0,0.0
0.0,0.0
0.0,0.0
0.0,0.0
0.0,0.0
0.0,0.0
0.0,0.0
0.0,0.0
0.0,0.0
0.0,0.0
0.0,0.0
0.0,0.0
0.0,0.0
0.0,0.0
0.0,0.0
0.0,0.0
0.0,0.0
0.0,0.0
0.0,0.0
0.0,0.5
0.0,0.5
0.0,0.5
0.0,0.5
0.0,0.5
0.0,0.5
0.0,0.5
0.0,0.5
0.0,0.5
0.0,0.5
0.0,0.5
0.0,0.5
0.0,0.5
0.0,0.5
0.0,0.5
0.0,0.5
0.0,0.5
0.0,0.5
0.0,0.5
0.0,0.5
0.0,0.5
0.0,0.5
0.0,0.5
0.0,0.5
0.0,0.5
0.0,0.5
0.0,0.5
0.0,0.5
0.0,0.5
0.0,0.5
0.0,0.5
0.0,0.5
0.0,0.5
0.0,0.5
0.0,0.5
0.0,0.5
0.0,0.5
0.0,0.5
0.0,0.5
0.0,0.5
0.0,0.5
0.0,0.5
0.0,0.5
0.0,0.5
0.0,0.5
0.0,0.5
0.0,0.5
0.0,0.5
0.0,0.5
0.0,0.5
0.0,0.5
0.0,0.0
0.0,0.0
0.0,0.0
0.0,0.0
0.0,0.0
0.0,0.0
0.0,0.0
0.0,0.0
0.0,0.0
0.0,0.0
0.0,0.0
0.0,0.0
0.0,0.0
0.0,0.0
0.0,0.0
0.0,0.0
0.0,0.0
0.0,0.0
0.0,0.0
0.0,0.0
0.0,0.0
0.0,0.0
0.0,0.0
0.0,0.0
0.0,0.0
0.0,0.0
0.0,0.0
0.0,0.0
0.0,0.0
0.0,0.0
0.0,0.0
0.0,0.0
0.0,0.0
0.0,0.0
0.0,0.0
0.0,0.0
0.0,0.0
0.0,0.5
0.0,0.5
0.0,0.5
0.0,0.5
0.0,0.5
0.0,0.5
0.0,0.5
0.0,0.5
0.0,0.5
0.0,0.5
0.0,0.5
0.0,0.5
0.0,0.5
0.0,0.5
0.0,0.5
0.0,0.5
0.0,0.5
0.0,0.5
0.0,0.5
0.0,0.5
0.0,0.5
0.0,0.5
0.0,0.5
0.0,0.5
0.0,0.5
0.0,0.5
0.0,0.5
0.0,0.5
0.0,0.5
0.0,0.5
0.0,0.5
0.0,0.5
0.0,0.5
0.0,0.5
0.0,0.5
0.0,0.5
0.0,0.5
0.0,0.5
0.0,0.5
0.0,0.5
0.0,0.5
0.0,0.5
0.0,0.5
0.0,0.5
0.0,0.5
0.0,0.5
0.0,0.5
0.0,0.5
0.0,0.5
0.0,0.5
0.0,0.0
0.0,0.0
0.0,0.0
0.0,0.0
0.0,0.0
0.0,0.0
0.0,0.0
0.0,0.0
0.0,0.0
0.0,0.0
0.0,0.0
0.0,0.0
0.0,0.0
0.0,0.0
0.0,0.0
0.0,0.0
0.0,0.0
0.0,0.0
0.0,0.0
0.0,0.0
0.0,0.0
0.0,0.0
0.0,0.0
0.0,0.0
0.0,0.0
0.0,0.0
0.0,0.0
0.0,0.0
0.0,0.0
0.0,0.0
0.0,0.0
0.0,0.0
0.0,0.0
0.0,0.0
0.0,0.0
0.0,0.0
0.0,0.0
0.0,0.0
0.0,0.0
0.0,0.0
0.0,0.0
0.0,0.0
0.0,0.0
0.0,0.0
0.0,0.5
0.0,0.5
0.0,0.5
0.0,0.5
0.0,0.5
0.0,0.5
0.0,0.5
0.0,0.5
0.0,0.5
0.0,0.5
0.0,0.5
0.0,0.5
0.0,0.5
0.0,0.5
0.0,0.5
0.0,0.5
0.0,0.5
0.0,0.5
0.0,0.5
0.0,0.5
0.0,0.5
0.0,0.5
0.0,0.5
0.0,0.5
0.0,0.5
0.0,0.5
0.0,0.5
0.0,0.5
0.0,0.5
0.0,0.5
0.0,0.5
0.0,0.5
0.0,0.5
0.0,0.5
0.0,0.5
0.0,0.5
0.0,0.5
0.0,0.5
0.0,0.5
0.0,0.5282047986984253
0.0,0.5759292244911194
0.0,0.6089997887611389
0.0,0.6111682057380676
0.0,0.5930249094963074
0.0,0.5805060863494873
0.0,0.5624301433563232
0.0,0.5407776236534119
0.0,0.5258212685585022
0.0,0.506589949131012
386.4859619140625,0.5
383.075439453125,2.0590837001800537
383.075439453125,3.1119539737701416
386.4859313964844,3.841198205947876
389.89642333984375,4.376686096191406
386.4859313964844,4.778298377990723
383.075439453125,5.026074409484863
372.8439636230469,5.167639255523682
355.79180908203125,5.176648139953613
355.79180908203125,5.039722919464111
325.0979919433594,4.808493137359619
311.4560241699219,4.5441436767578125
297.8143310546875,4.261135578155518
294.40386962890625,3.9694955348968506
294.40386962890625,3.744507312774658
287.5828857421875,3.5431084632873535
280.7621765136719,3.359118700027466
253.4785614013672,3.2319350242614746
246.65757751464844,2.975759983062744
236.42640686035156,2.75924015045166
236.42640686035156,2.552436351776123
222.78443908691406,2.3371047973632812
215.9637451171875,2.1536331176757812
188.6801300048828,2.0267319679260254
0.0,1.8731223344802856
0.0,1.6620217561721802
0.0,1.488450050354004
0.0,1.3683627843856812
0.0,1.233432412147522
0.0,1.0813387632369995
497.1041259765625,0.8961132764816284
483.46246337890625,3.4763381481170654
469.8207702636719,5.10627555847168
456.1788024902344,6.084761619567871
439.1266784667969,6.61651086807251
422.07452392578125,6.808448791503906
411.8430480957031,6.77183723449707
401.6118469238281,6.648189067840576
387.96990966796875,6.466650009155273
374.3282470703125,6.216656684875488
360.68658447265625,5.923568248748779
347.04461669921875,5.604920387268066
329.9924621582031,5.27285623550415
309.5298156738281,4.9095869064331055
295.88787841796875,4.506843090057373
282.2462158203125,4.132648468017578
268.60455322265625,3.782482147216797
251.55238342285156,3.453237295150757
234.4999542236328,3.1227567195892334
217.4477996826172,2.798137664794922
196.98516845703125,2.4842867851257324
0.0,2.1689059734344482
0.0,1.8621485233306885
0.0,1.5710396766662598
0.0,1.3112941980361938
469.27899169921875,1.0799773931503296
452.226806640625,3.300518035888672
431.7641906738281,4.6543779373168945
418.1225280761719,5.382503509521484
407.89105224609375,5.7526774406433105
397.6597595214844,5.911409378051758
387.4284362792969,5.926133155822754
380.6074523925781,5.843559265136719
366.9657897949219,5.7260050773620605
353.323974609375,5.526667594909668
336.2718200683594,5.275021076202393
319.2195129394531,4.964690685272217
302.1673889160156,4.620443344116211
285.1150817871094,4.2594194412231445
271.4732971191406,3.893484592437744
251.0106658935547,3.5522172451019287
230.5480194091797,3.1920015811920166
210.08538818359375,2.8283538818359375
189.6227569580078,2.4719996452331543
0.0,2.1303699016571045
0.0,1.8086093664169312
0.0,1.5222201347351074
0.0,1.277893304824829
0.0,1.0476841926574707
0.0,0.8448414206504822
0.0,0.6676660180091858
0.0,0.5204582214355469
0.0,0.5
0.0,0.5
0.0,0.5
0.0,0.5
0.0,0.5
0.0,0.0
0.0,0.0
0.0,0.0
309.53497314453125,0.0
302.7139892578125,1.115949273109436
295.8931579589844,1.839072823524475
289.07232666015625,2.2924795150756836
289.07232666015625,2.5602235794067383
289.07232666015625,2.7457892894744873
285.66180419921875,2.8744399547576904
285.66180419921875,2.9409024715423584
278.84100341796875,2.9871039390563965
272.02001953125,2.9744980335235596
268.6095275878906,2.922264814376831
265.1991882324219,2.864840030670166
254.96786499023438,2.804074764251709
244.73655700683594,2.7002482414245605
237.91558837890625,2.5690383911132812
231.09475708007812,2.4400367736816406
227.68426513671875,2.3136215209960938
224.27392578125,2.2080156803131104
220.86343383789062,2.117074728012085
214.04246520996094,2.0365467071533203
200.40081787109375,1.9463458061218262
196.9903106689453,1.8181167840957642
0.0,1.7136574983596802
0.0,1.5809131860733032
0.0,1.4604694843292236
0.0,1.3632475137710571
0.0,1.2689799070358276
0.0,1.1906777620315552
0.0,1.1236881017684937
0.0,1.0404537916183472
489.8236083984375,0.959629237651825
483.0027770996094,3.460970878601074
472.77130126953125,5.114198684692383
469.3609619140625,6.14560604095459
459.129638671875,6.8228373527526855
455.71917724609375,7.18172025680542
452.30865478515625,7.3944010734558105
445.4878234863281,7.5060906410217285
435.25653076171875,7.51263952255249
428.4356994628906,7.412792682647705
418.2042541503906,7.275574684143066
411.3834228515625,7.0801873207092285
404.56256103515625,6.879477500915527
397.7416076660156,6.676124572753906
390.9207763671875,6.47200345993042
380.6894836425781,6.268407344818115
373.86865234375,6.0358500480651855
363.6371765136719,5.815237522125244
356.81634521484375,5.574896812438965
349.99554443359375,5.351552963256836
343.174560546875,5.141025543212891
339.76422119140625,4.774670124053955
329.53289794921875,4.633278846740723
322.7119445800781,4.482656478881836
315.89111328125,4.326717853546143
305.6597900390625,4.168162822723389
298.83880615234375,3.984377384185791
288.6075134277344,3.8092172145843506
278.3761901855469,3.617943286895752
268.1448974609375,3.417930841445923
257.91357421875,3.2142741680145264
251.09275817871094,3.010502815246582
240.8614501953125,2.828972339630127
234.0404815673828,2.644521474838257
593.9955444335938,2.479036331176758
587.174560546875,5.8413214683532715
580.3536987304688,8.073663711547852
570.1224365234375,9.527206420898438
559.89111328125,10.397202491760254
553.0701293945312,10.865615844726562
546.249267578125,11.102212905883789
539.428466796875,11.179356575012207
529.197021484375,11.147157669067383
512.1448974609375,10.998106956481934
491.6822814941406,10.688573837280273
467.8091735839844,10.235408782958984
450.75701904296875,9.65509033203125
437.115234375,9.071127891540527
416.6526184082031,8.525971412658691
396.1900329589844,7.945003509521484
372.3169250488281,7.348922252655029
355.2646484375,6.722193241119385
341.62298583984375,6.143573760986328
331.3916931152344,5.632069110870361
314.33941650390625,5.197633266448975
304.10809326171875,4.768154621124268
290.46630859375,4.396932601928711
273.4141845703125,4.045044422149658
259.77239990234375,3.6888108253479004
246.1306915283203,3.356969118118286
232.48890686035156,3.046292781829834
222.25759887695312,2.75455904006958
208.61581420898438,2.497954845428467
198.38450622558594,2.251155138015747
191.56369018554688,2.0312843322753906
